{
  "source": "reconstructed from /tmp/mega_sweep_v3.log \u2014 phases 7-10 failed",
  "cloud_ranking": [
    "hermes3:8b",
    "mistral:7b",
    "mistral-small:24b",
    "mistral-nemo:12b",
    "qwen3.5:35b",
    "qwen3.6:latest",
    "phi4:14b",
    "qwen3.5:27b",
    "mistral-small3.2:latest",
    "gemma2:9b",
    "llama3.1:8b",
    "llama3.2:3b"
  ],
  "per_phase_scores": {
    "judge_qwen": {
      "llama3.1:8b": 0.163485,
      "hermes3:8b": 0.206687,
      "mistral:7b": 0.198342,
      "llama3.2:3b": 0.164868,
      "gemma2:9b": 0.146455,
      "phi4:14b": 0.173798,
      "mistral-nemo:12b": 0.234447,
      "mistral-small:24b": 0.178169,
      "mistral-small3.2:latest": 0.154569,
      "qwen3.5:27b": 0.205167,
      "qwen3.6:latest": 0.21352,
      "qwen3.5:35b": 0.225358
    },
    "judge_qwen_scalar": {
      "llama3.1:8b": 0.457485,
      "hermes3:8b": 0.506687,
      "mistral:7b": 0.494322,
      "llama3.2:3b": 0.457848,
      "gemma2:9b": 0.442435,
      "phi4:14b": 0.467798,
      "mistral-nemo:12b": 0.474447,
      "mistral-small:24b": 0.472169,
      "mistral-small3.2:latest": 0.454569,
      "qwen3.5:27b": 0.451167,
      "qwen3.6:latest": 0.45352,
      "qwen3.5:35b": 0.465358
    },
    "judge_qwen_next": {
      "llama3.1:8b": 0.169485,
      "hermes3:8b": 0.218687,
      "mistral:7b": 0.210342,
      "llama3.2:3b": 0.164868,
      "gemma2:9b": 0.164455,
      "phi4:14b": 0.233798,
      "mistral-nemo:12b": 0.192447,
      "mistral-small:24b": 0.184169,
      "mistral-small3.2:latest": 0.172569,
      "qwen3.5:27b": 0.229167,
      "qwen3.6:latest": 0.27952,
      "qwen3.5:35b": 0.291358
    },
    "judge_qwen_next_scalar": {
      "llama3.1:8b": 0.416685,
      "hermes3:8b": 0.477287,
      "mistral:7b": 0.475542,
      "llama3.2:3b": 0.397068,
      "gemma2:9b": 0.423455,
      "phi4:14b": 0.451598,
      "mistral-nemo:12b": 0.451467,
      "mistral-small:24b": 0.464369,
      "mistral-small3.2:latest": 0.434769,
      "qwen3.5:27b": 0.433167,
      "qwen3.6:latest": 0.43732,
      "qwen3.5:35b": 0.459958
    },
    "judge_llama": {
      "llama3.1:8b": 0.283485,
      "hermes3:8b": 0.236687,
      "mistral:7b": 0.228342,
      "llama3.2:3b": 0.188868,
      "gemma2:9b": 0.176455,
      "phi4:14b": 0.341798,
      "mistral-nemo:12b": 0.300447,
      "mistral-small:24b": 0.202169,
      "mistral-small3.2:latest": 0.280569,
      "qwen3.5:27b": 0.325167,
      "qwen3.6:latest": 0.37552,
      "qwen3.5:35b": 0.291358
    },
    "judge_llama_scalar": {
      "llama3.1:8b": 0.428685,
      "hermes3:8b": 0.474287,
      "mistral:7b": 0.467742,
      "llama3.2:3b": 0.431868,
      "gemma2:9b": 0.415855,
      "phi4:14b": 0.435398,
      "mistral-nemo:12b": 0.443847,
      "mistral-small:24b": 0.436169,
      "mistral-small3.2:latest": 0.421569,
      "qwen3.5:27b": 0.420567,
      "qwen3.6:latest": 0.41932,
      "qwen3.5:35b": 0.434758
    },
    "judge_nemotron": {},
    "judge_nemotron_scalar": {},
    "judge_gpt_oss": {},
    "judge_gpt_oss_scalar": {}
  },
  "per_phase_rho": {
    "judge_qwen": 0.6643356643356644,
    "judge_qwen_scalar": 0.7552447552447552,
    "judge_qwen_next": 0.5244755244755245,
    "judge_qwen_next_scalar": 0.958041958041958,
    "judge_llama": 0.1048951048951049,
    "judge_llama_scalar": 0.7412587412587412
  }
}