{
  "source": "reconstructed from /tmp/mega_sweep2.log (2026-07-02 mega sweep, 8 phases)",
  "cloud_ranking": [
    "hermes3:8b",
    "mistral:7b",
    "mistral-small:24b",
    "mistral-nemo:12b",
    "qwen3.5:35b",
    "qwen3.6:latest",
    "phi4:14b",
    "qwen3.5:27b",
    "mistral-small3.2:latest",
    "gemma2:9b",
    "llama3.1:8b",
    "llama3.2:3b"
  ],
  "per_phase": {
    "judge_qwen": {
      "gemma2:9b": 0.146455,
      "hermes3:8b": 0.206687,
      "llama3.1:8b": 0.163485,
      "llama3.2:3b": 0.158868,
      "mistral-nemo:12b": 0.288447,
      "mistral-small3.2:latest": 0.154569,
      "mistral-small:24b": 0.172169,
      "mistral:7b": 0.198342,
      "phi4:14b": 0.167798,
      "qwen3.5:27b": 0.283114,
      "qwen3.5:35b": 0.411358,
      "qwen3.6:latest": 0.21352
    },
    "judge_qwen_scalar": {
      "gemma2:9b": 0.444455,
      "hermes3:8b": 0.501687,
      "llama3.1:8b": 0.447485,
      "llama3.2:3b": 0.448928,
      "mistral-nemo:12b": 0.471447,
      "mistral-small3.2:latest": 0.454569,
      "mistral-small:24b": 0.472169,
      "mistral:7b": 0.492342,
      "phi4:14b": 0.467798,
      "qwen3.5:27b": 0.457114,
      "qwen3.5:35b": 0.465358,
      "qwen3.6:latest": 0.45352
    },
    "judge_llama": {
      "gemma2:9b": 0.176455,
      "hermes3:8b": 0.236687,
      "llama3.1:8b": 0.283485,
      "llama3.2:3b": 0.188868,
      "mistral-nemo:12b": 0.252447,
      "mistral-small3.2:latest": 0.232569,
      "mistral-small:24b": 0.202169,
      "mistral:7b": 0.228342,
      "phi4:14b": 0.293798,
      "qwen3.5:27b": 0.235114,
      "qwen3.5:35b": 0.195358,
      "qwen3.6:latest": 0.37552
    },
    "judge_llama_scalar": {
      "gemma2:9b": 0.414055,
      "hermes3:8b": 0.477887,
      "llama3.1:8b": 0.425085,
      "llama3.2:3b": 0.430068,
      "mistral-nemo:12b": 0.445647,
      "mistral-small3.2:latest": 0.423969,
      "mistral-small:24b": 0.443369,
      "mistral:7b": 0.464142,
      "phi4:14b": 0.435398,
      "qwen3.5:27b": 0.422914,
      "qwen3.5:35b": 0.434758,
      "qwen3.6:latest": 0.42292
    },
    "judge_gemma": {
      "gemma2:9b": 0.230455,
      "hermes3:8b": 0.260687,
      "llama3.1:8b": 0.193485,
      "llama3.2:3b": 0.188868,
      "mistral-nemo:12b": 0.234447,
      "mistral-small3.2:latest": 0.250569,
      "mistral-small:24b": 0.262169,
      "mistral:7b": 0.276342,
      "phi4:14b": 0.257798,
      "qwen3.5:27b": 0.265114,
      "qwen3.5:35b": 0.333358,
      "qwen3.6:latest": 0.26752
    },
    "judge_gemma_scalar": {
      "gemma2:9b": 0.446455,
      "hermes3:8b": 0.501287,
      "llama3.1:8b": 0.416085,
      "llama3.2:3b": 0.392868,
      "mistral-nemo:12b": 0.472647,
      "mistral-small3.2:latest": 0.452769,
      "mistral-small:24b": 0.470369,
      "mistral:7b": 0.494742,
      "phi4:14b": 0.465998,
      "qwen3.5:27b": 0.449914,
      "qwen3.5:35b": 0.461758,
      "qwen3.6:latest": 0.45172
    },
    "judge_gpt_oss": {
      "gemma2:9b": 0.206455,
      "hermes3:8b": 0.320687,
      "llama3.1:8b": 0.277485,
      "llama3.2:3b": 0.206868,
      "mistral-nemo:12b": 0.258447,
      "mistral-small3.2:latest": 0.274569,
      "mistral-small:24b": 0.280169,
      "mistral:7b": 0.318342,
      "phi4:14b": 0.311798,
      "qwen3.5:27b": 0.343114,
      "qwen3.5:35b": 0.237358,
      "qwen3.6:latest": 0.26152
    },
    "judge_gpt_oss_scalar": {
      "gemma2:9b": 0.428055,
      "hermes3:8b": 0.484287,
      "llama3.1:8b": 0.432685,
      "llama3.2:3b": 0.421668,
      "mistral-nemo:12b": 0.400247,
      "mistral-small3.2:latest": 0.440969,
      "mistral-small:24b": 0.454969,
      "mistral:7b": 0.481142,
      "phi4:14b": 0.451198,
      "qwen3.5:27b": 0.440114,
      "qwen3.5:35b": 0.448158,
      "qwen3.6:latest": 0.43732
    }
  }
}